{"_runtime": 101, "_timestamp": 1631392977, "conf_table": {"_type": "table-file", "path": "media/table/conf_table_32_64d53b227faa1d9af28f.table.json", "sha256": "64d53b227faa1d9af28f0039b25e56adeb64e665247c693173315a44082c2d85", "size": 182, "artifact_path": "wandb-client-artifact://knllq8vt09b55st1dd9jb6s5roep9jrb3rue7c4v3pneqbxmzlt4zq8n52unjd45od3o1tauim11kru9u6t0yhf7s691gkepkeuftf7wjvr78fcg17o3hh3o21w4hz8u:latest/conf_table.table.json", "_latest_artifact_path": "wandb-client-artifact://knllq8vt09b55st1dd9jb6s5roep9jrb3rue7c4v3pneqbxmzlt4zq8n52unjd45od3o1tauim11kru9u6t0yhf7s691gkepkeuftf7wjvr78fcg17o3hh3o21w4hz8u:latest/conf_table.table.json", "ncols": 3, "nrows": 4}, "_step": 35, "examples": {"_type": "table-file", "path": "media/table/examples_34_91f6e347e7ecd02507aa.table.json", "sha256": "91f6e347e7ecd02507aaae308eae951941a1290f1e97d62b6d4de16dc22ad454", "size": 1253, "artifact_path": "wandb-client-artifact://19gd51drilok9f71j95coz07nb1zvzvlqag6qq5zbwfixtdnizd4gecexbyprjker4ddf5qynv1oqhcjanbo6it570ca13vliej3o5ywx1mxue2anvrzz1dkoiy5zlsz:latest/examples.table.json", "_latest_artifact_path": "wandb-client-artifact://19gd51drilok9f71j95coz07nb1zvzvlqag6qq5zbwfixtdnizd4gecexbyprjker4ddf5qynv1oqhcjanbo6it570ca13vliej3o5ywx1mxue2anvrzz1dkoiy5zlsz:latest/examples.table.json", "ncols": 3, "nrows": 20}, "global_step": 133, "train/loss_step": 0.5929850339889526, "train/acc_step": 0.71875, "epoch": 0, "trainer/global_step": 133, "valid/loss_step": 0.4787711203098297, "valid/loss_epoch": 0.6188211441040039, "valid/acc": 0.6912751793861389, "valid/precision_macro": 0.34563758969306946, "valid/recall_macro": 0.5, "valid/precision_micro": 0.6912751793861389, "valid/recall_micro": 0.6912751793861389, "valid/f1": 0.6912751793861389, "train/loss_epoch": 0.6197412014007568, "train/acc_epoch": 0.6906794309616089, "_wandb": {"runtime": 103}}